{
	"depth": 7,
	"min_x": -9.5959997177124,
	"min_y": -5.10099983215332,
	"min_z": -24.746000289917,
	"size": 49.492000579834
}